City,Country,Max Temp,Humidity,Clouds,Wind Speed,Lat,Lng
tuktoyaktuk,CA,5.0,84,75,5.82,69.44,-133.03
punta arenas,CL,48.2,61,0,21.92,-53.16,-70.91
montepuez,MZ,72.92,94,92,3.87,-13.13,39
havelock,US,55.4,71,1,3.36,34.88,-76.9
jega,NG,69.77,32,0,6.26,12.22,4.38
bethel,US,39.2,96,90,20.8,60.79,-161.76
bobcaygeon,CA,14.0,51,75,11.41,44.54,-78.55
yellowknife,CA,17.6,78,75,8.05,62.45,-114.38
kapaa,US,78.8,57,40,21.92,22.08,-159.32
nchelenge,ZM,69.59,90,64,3.09,-9.35,28.74
vaini,IN,59.0,67,0,1.3,15.34,74.49
hermanus,ZA,59.0,75,56,1.01,-34.42,19.24
bluff,AU,82.1,42,0,11.25,-23.58,149.07
buariki,,,,,,,
hambantota,LK,75.2,100,75,3.36,6.12,81.12
mirnyy,RU,23.06,87,76,14.27,56.57,36.46
atar,MR,62.93,19,0,12.86,20.52,-13.05
carnarvon,ZA,55.82,53,0,7.72,-30.97,22.13
hobart,AU,62.6,42,20,5.82,-42.88,147.33
tasiilaq,GL,30.2,92,92,3.36,65.61,-37.64
tabialan,,,,,,,
moose factory,CA,-7.61,69,1,2.24,51.26,-80.61
butaritari,KI,81.69,100,88,16.62,3.07,172.79
taolanaro,,,,,,,
ushuaia,AR,44.6,70,40,36.91,-54.81,-68.31
port blair,IN,80.6,83,20,5.82,11.67,92.75
avarua,CK,82.4,69,0,16.11,-21.21,-159.78
bilibino,RU,-5.57,77,36,3.24,68.06,166.44
barentsburg,,,,,,,
fare,PF,84.84,98,8,6.49,-16.7,-151.02
kieta,PG,83.63,94,0,2.68,-6.22,155.63
saskylakh,RU,-28.29,43,0,6.33,71.97,114.09
illoqqortoormiut,,,,,,,
warqla,,,,,,,
haines junction,CA,17.48,87,0,0.56,60.75,-137.51
rikitea,PF,80.48,99,88,10.36,-23.12,-134.97
chuy,UY,60.5,80,0,10.85,-33.69,-53.46
onega,RU,11.63,75,12,8.12,63.91,38.09
upernavik,GL,0.56,100,44,16.33,72.79,-56.15
hofn,IS,42.32,92,88,24.34,64.25,-15.21
mys shmidta,,,,,,,
iqaluit,CA,-2.01,77,90,4.7,63.75,-68.52
tabou,CI,83.72,94,0,11.81,4.42,-7.36
narsaq,GL,35.6,22,0,19.46,60.91,-46.05
leningradskiy,RU,14.28,83,0,20.92,69.38,178.42
port lincoln,AU,73.28,83,0,6.49,-34.72,135.86
airai,TL,75.89,82,0,1.86,-8.93,125.41
tezu,IN,47.13,97,76,1.74,27.93,96.16
arawa,NG,72.56,96,64,2.08,7.05,3.9
mataura,NZ,50.0,89,48,11.01,-46.19,168.86
bredasdorp,ZA,51.8,81,68,6.93,-34.53,20.04
thompson,CA,8.6,60,90,8.05,55.74,-97.86
hilo,US,77.0,57,75,9.17,19.71,-155.08
ribeira grande,PT,60.68,98,92,29.97,38.52,-28.7
rorvik,NO,45.0,85,92,5.99,64.86,11.24
barbar,,,,,,,
east london,ZA,70.13,100,88,23.82,-33.02,27.91
castro,CL,57.53,74,0,7.83,-42.48,-73.76
liverpool,GB,46.99,70,0,2.24,53.41,-2.98
nicoya,CR,82.4,58,0,20.8,10.15,-85.45
ulladulla,AU,73.99,60,75,11.41,-35.36,150.48
pisco,PE,75.2,73,75,19.46,-13.71,-76.2
marcona,,,,,,,
lucera,IT,41.0,52,5,6.93,41.51,15.34
busselton,AU,79.0,36,36,16.96,-33.64,115.35
anadyr,RU,26.6,86,20,33.55,64.73,177.51
sao filipe,CV,73.46,85,0,14.83,14.9,-24.5
yavaros,MX,77.0,62,56,1.99,26.7,-109.52
sibu,MY,78.8,88,75,4.7,2.29,111.83
agva,,,,,,,
san policarpo,PH,76.74,92,80,10.02,12.18,125.51
inderborskiy,,,,,,,
victoria,BN,82.4,78,75,9.17,5.28,115.24
cape town,ZA,61.0,82,0,2.24,-33.93,18.42
jamestown,AU,77.01,70,0,7.23,-33.21,138.6
faridpur,IN,55.23,96,92,16.44,28.21,79.54
santiago de chuco,PE,50.78,84,64,1.86,-8.15,-78.17
kalmar,SE,39.99,90,8,6.93,56.66,16.36
mahebourg,MU,80.6,83,40,12.75,-20.41,57.7
georgetown,GY,80.6,78,40,16.11,6.8,-58.16
penha,BR,73.99,78,90,6.93,-26.78,-48.65
natal,BR,82.4,83,20,4.7,-5.81,-35.21
muros,ES,59.0,58,0,6.93,42.77,-9.06
ahipara,NZ,72.06,65,0,8.23,-35.17,173.16
pevek,RU,-5.03,79,20,0.96,69.7,170.27
itarema,BR,77.69,94,48,5.7,-2.92,-39.92
luderitz,NA,64.86,74,0,18.07,-26.65,15.16
namibe,AO,76.52,100,56,6.55,-15.19,12.15
bengkulu,,,,,,,
xiaoweizhai,CN,42.59,100,92,3.87,26.23,107.51
sault sainte marie,CA,8.6,65,1,4.7,46.49,-84.36
saint-georges,CA,-0.01,70,36,11.99,46.12,-70.67
nikolskoye,RU,24.8,85,20,2.24,59.7,30.79
stoenesti,RO,39.0,26,0,5.77,45.25,25.17
mercedes,UY,56.0,76,0,3.47,-33.25,-58.03
qaanaaq,GL,-13.62,81,20,6.22,77.48,-69.36
elizabeth city,US,51.01,66,1,6.6,36.3,-76.22
salalah,OM,73.4,78,0,2.24,17.01,54.1
half moon bay,US,57.2,71,90,19.46,37.46,-122.43
teixeira,BR,67.88,95,48,3.47,-7.22,-37.25
gazli,UZ,33.41,78,68,7.34,40.13,63.45
esmeralda,CL,64.1,65,0,1.3,-34.33,-70.9
mar del plata,AR,67.43,37,0,18.57,-46.43,-67.52
saint-philippe,CA,7.0,60,1,13.42,45.36,-73.48
bathurst,AU,81.0,41,24,1.99,-33.42,149.58
tarabuco,BO,52.67,99,92,2.35,-19.18,-64.92
pandan,PH,77.64,100,0,19.64,11.72,122.09
arraial do cabo,BR,80.16,94,24,0.56,-22.97,-42.02
shchigry,RU,33.01,87,80,10,51.87,36.91
biloxi,US,66.2,88,90,4.54,30.4,-88.89
oktyabrskoye,RU,26.6,86,75,13.42,56.73,85.44
noumea,NC,82.4,58,20,24.16,-22.28,166.46
louis trichardt,ZA,66.89,87,44,1.45,-23.04,29.91
khatanga,RU,-0.8,65,88,5.59,71.98,102.47
kindu,CD,74.18,88,20,3.02,-2.95,25.92
ossora,RU,2.49,100,68,5.55,59.24,163.07
kurdzhinovo,RU,17.21,87,36,1.74,43.99,40.96
caravelas,BR,83.99,100,8,18.34,-17.73,-39.27
buin,CL,71.6,33,0,5.82,-33.73,-70.74
guadalupe y calvo,MX,65.31,18,8,2.86,26.09,-106.96
kalabo,ZM,74.49,48,20,7.78,-15,22.67
dodge city,US,19.4,67,1,4.7,37.75,-100.02
palana,RU,1.28,67,64,5.32,59.08,159.95
amderma,,,,,,,
voyvozh,RU,4.16,69,12,9.8,62.89,54.96
cidreira,BR,66.98,91,80,1.45,-30.17,-50.22
coihaique,CL,55.4,66,0,1.12,-45.58,-72.07
vaitupu,,,,,,,
ancud,CL,59.06,68,0,6.89,-41.87,-73.83
kachug,RU,-0.98,61,12,2.53,53.96,105.89
new norfolk,AU,63.0,42,20,5.82,-42.78,147.06
taoudenni,ML,51.41,32,0,11.03,22.68,-3.98
izhma,RU,-4.62,66,0,2.24,65.01,53.91
la tuque,CA,-3.09,48,32,12.15,47.44,-72.79
nanhai,CN,40.52,97,100,7.9,30.13,111.78
kulevcha,UA,33.95,92,48,14.05,46.03,29.93
jaru,BR,77.73,81,24,2.24,-10.43,-62.48
dagana,MR,67.38,20,32,11.3,16.52,-15.51
iralaya,HN,78.68,82,76,10.13,15,-83.23
antsla,EE,27.0,92,20,6.93,57.83,26.53
constitucion,MX,77.0,9,5,11.41,23.99,-104.67
port alfred,ZA,64.99,70,12,7,-33.59,26.89
ruatoria,,,,,,,
karratha,AU,81.74,78,0,4.81,-20.74,116.85
mugumu,TZ,55.64,82,8,6.38,-1.84,34.67
walvis bay,NA,66.99,87,0,10.25,-22.95,14.51
mingrelskaya,RU,32.0,96,90,3.02,45.01,38.34
grand-santi,GF,77.73,76,92,4.36,4.27,-54.38
baruun-urt,MN,10.59,76,0,6.89,46.68,113.28
adre,TD,78.63,39,88,8.05,13.47,22.2
mushie,CD,74.36,96,68,2.46,-3.02,16.92
saint-pierre,FR,44.6,70,0,6.93,48.95,4.24
tiksi,RU,-16.28,46,0,3.76,71.64,128.87
altamont,CA,3.2,77,76,5.82,49.4,-98.5
tsihombe,,,,,,,
gobabis,NA,75.39,25,48,8.01,-22.45,18.97
segezha,RU,13.79,79,32,6.49,63.74,34.31
xocali,AZ,27.74,77,44,2.53,39.91,46.79
puerto ayora,EC,84.2,74,20,9.17,-0.74,-90.35
giaveno,IT,51.01,39,0,4.7,45.04,7.35
belushya guba,,,,,,,
chara,GR,50.0,39,75,9.17,39.42,22.43
japura,ID,72.33,98,92,2.57,-0.42,102.29
kudahuvadhoo,MV,80.48,100,92,9.06,2.67,72.89
port elizabeth,US,39.99,44,90,5.82,39.31,-74.98
kanniyakumari,IN,81.74,100,24,14.09,8.08,77.57
marsh harbour,BS,71.16,100,92,25.39,26.54,-77.06
zhezkazgan,KZ,19.55,89,88,7.23,47.8,67.71
tsaratanana,MG,72.38,85,0,4.47,-16.8,47.65
kirakira,SB,83.13,98,0,14.65,-10.46,161.92
castle rock,US,41.0,32,1,14.99,46.27,-122.91
amuntai,ID,78.68,88,12,2.98,-2.42,115.25
khromtau,KZ,13.43,77,76,4.7,50.26,58.44
kazalinsk,,,,,,,
matagami,NG,67.83,92,56,2.57,9.67,8.4
kodiak,US,33.01,79,90,9.17,39.95,-94.76
paamiut,GL,27.29,98,0,8.28,61.99,-49.67
saint george,GR,50.0,39,75,9.17,39.45,22.34
sapouy,BF,64.86,29,0,4.88,11.55,-1.77
ponta delgada,PT,57.2,71,40,14.99,37.73,-25.67
moree,AU,78.8,44,24,10.29,-29.46,149.84
albany,US,19.99,72,1,3.36,42.65,-73.75
prainha,BR,73.86,100,92,2.24,-1.8,-53.48
chokurdakh,RU,-23.34,34,64,7.72,70.62,147.9
burnie,AU,64.0,69,80,11.99,-41.05,145.91
sitka,US,34.71,64,8,6.38,37.17,-99.65
churapcha,RU,-13.26,59,56,2.68,62,132.43
halalo,,,,,,,
saldanha,PT,37.46,78,0,4.59,41.42,-6.55
balkanabat,TM,27.74,75,0,2.19,39.51,54.36
mantua,IT,53.01,65,0,2.24,45.16,10.79
carovigno,IT,55.4,66,0,11.41,40.71,17.66
lompoc,US,59.0,67,40,6.93,34.64,-120.46
broken hill,AU,89.6,17,0,8.05,-31.97,141.45
tubruq,,,,,,,
norman wells,CA,24.8,62,40,11.41,65.28,-126.83
acapulco,MX,82.4,74,5,4.7,16.86,-99.88
semporna,MY,80.6,74,75,3.36,4.48,118.61
lasa,CY,60.8,77,90,24.16,34.92,32.53
aswan,EG,66.2,19,0,11.41,24.09,32.9
ponta do sol,BR,70.94,91,48,2.53,-20.63,-46
qaqortoq,GL,35.6,22,0,19.46,60.72,-46.03
gat,SN,73.4,31,12,11.41,14.69,-16.54
kamenka,RU,26.93,91,80,5.77,53.19,44.05
teguise,ES,64.4,77,0,13.87,29.06,-13.56
maniitsoq,GL,12.66,70,0,4.32,65.42,-52.9
bo rai,TH,75.2,94,40,1.12,12.57,102.54
kenai,US,30.0,53,1,4.7,60.55,-151.26
port-gentil,GA,79.49,100,76,9.57,-0.72,8.78
los llanos de aridane,ES,62.6,72,24,8.05,28.66,-17.92
sungaipenuh,ID,64.73,99,100,0.56,-2.08,101.38
kruisfontein,ZA,60.86,79,0,16.11,-34,24.73
wanning,AT,42.01,80,0,4.7,48.64,13.53
parrsboro,CA,10.4,51,75,28.86,45.41,-64.33
fortuna,ES,50.0,56,0,2.24,38.18,-1.13
nizhneyansk,,,,,,,
barrow,AR,51.18,73,8,2.86,-38.31,-60.23
hay river,CA,21.2,73,75,4.7,60.82,-115.79
karaul,,,,,,,
tonder,DK,39.2,86,5,4.7,54.93,8.87
pacific grove,US,60.8,55,75,10.29,36.62,-121.92
karjat,IN,73.4,73,0,3.36,18.91,73.32
pemangkat,,,,,,,
attawapiskat,,,,,,,
vastervik,,,,,,,
ilulissat,GL,-0.41,77,0,4.7,69.22,-51.1
dikson,RU,-5.79,82,36,28.41,73.51,80.55
atambua,ID,81.2,100,0,4.99,-9.11,124.89
sola,NO,41.0,93,36,3.36,58.89,5.65
longyan,CN,53.3,93,68,2.46,25.1,117.03
gravdal,NO,42.8,100,90,8.05,59.79,5.78
san patricio,PY,70.44,70,0,6.71,-26.98,-56.83
maceio,BR,78.8,88,0,3.36,-9.67,-35.74
karaton,ID,84.2,79,20,3.36,-6.34,106.1
chikoy,,,,,,,
valparaiso,US,26.6,62,40,12.75,41.47,-87.06
yakeshi,CN,11.45,70,0,8.5,49.28,120.73
port said,EG,56.76,32,48,6.38,25.34,30.55
trinidad,UY,51.09,77,0,2.68,-33.52,-56.9
ube,JP,50.0,57,75,4.7,33.96,131.25
mehriz,IR,44.6,33,0,4.7,31.58,54.44
bakchar,RU,15.59,88,68,2.57,57.02,82.07
fort nelson,CA,30.2,50,75,2.19,58.81,-122.69
atuona,PF,80.84,100,12,7,-9.8,-139.03
grand river south east,,,,,,,
verkhnyaya toyma,RU,6.09,64,0,4.76,62.24,45
hammond,US,64.4,87,75,3.98,30.5,-90.46
zyryanka,RU,-16.59,71,76,7,65.73,150.89
cananea,MX,68.0,18,8,5.59,30.98,-110.3
urumqi,,,,,,,
goure,NE,69.41,46,100,7.72,13.98,10.27
aykhal,RU,7.94,69,80,7.34,65.95,111.51
maebaru,JP,53.01,53,75,3.36,33.55,130.2
mtambile,TZ,82.28,100,44,11.41,-5.38,39.7
poum,MK,24.86,82,0,3.76,41.28,20.71
sulangan,PH,77.73,100,0,15.32,11.14,123.72
concordia,AR,62.01,56,0,3,-31.4,-58.02
undory,RU,19.4,92,90,2.24,54.61,48.39
wenling,CN,50.0,95,92,5.03,28.38,121.38
coquimbo,CL,60.8,87,20,5.82,-29.95,-71.34
lagoa,PT,59.0,72,0,11.41,37.14,-8.45
egvekinot,RU,24.54,88,80,15.66,66.32,-179.17
tiznit,MA,53.43,74,8,1.19,29.7,-9.73
clyde river,CA,-23.81,74,20,3.36,70.47,-68.59
kailua,US,80.6,44,40,12.75,21.39,-157.74
lahat,ID,73.1,97,64,4.88,-3.78,103.55
guerrero negro,MX,67.16,51,8,9.4,27.97,-114.04
havre-saint-pierre,CA,26.6,79,90,16.11,50.23,-63.6
cartagena,ES,48.99,70,0,5.82,37.63,-1
vao,EE,21.17,75,8,4.81,59.1,26.19
hithadhoo,MV,81.83,100,36,12.26,-0.6,73.08
talnakh,RU,-10.43,68,48,2.98,69.49,88.39
esperance,TT,78.01,78,20,5.82,10.24,-61.45
north bend,US,39.2,96,90,10.29,43.41,-124.22
banda aceh,ID,74.09,97,24,2.86,5.56,95.32
satitoa,,,,,,,
severo-kurilsk,RU,21.71,100,44,16.62,50.68,156.12
samusu,,,,,,,
cabo san lucas,MX,73.99,60,5,8.05,22.89,-109.91
le mars,US,8.6,77,90,8.05,42.79,-96.17
verkhnevilyuysk,RU,12.48,71,56,7.56,63.45,120.31
sentyabrskiy,,,,,,,
buraydah,SA,66.2,68,75,10.29,26.33,43.97
dingle,PH,74.94,70,0,12.53,11,122.67
kahului,US,75.0,78,75,11.41,20.89,-156.47
cozumel,,,,,,,
mananjary,MG,62.12,92,12,5.82,-19.16,46.8
mahon,IE,48.0,100,75,11.41,51.89,-8.4
cherskiy,RU,-5.52,81,80,2.35,68.75,161.3
san cristobal,EC,59.0,87,75,9.17,-0.39,-78.55
mbaiki,CF,73.68,95,80,2.53,3.87,17.99
brae,GB,46.4,100,56,11.41,60.4,-1.35
victor harbor,AU,91.0,44,0,11.41,-35.55,138.62
tumannyy,,,,,,,
bolungarvik,,,,,,,
manuk mangkaw,PH,80.39,100,0,10.4,4.8,119.85
tselinnoye,UA,32.15,97,88,8.61,45.9,34.18
honiara,SB,85.88,65,8,3.09,-9.43,159.96
gizo,IL,59.0,72,75,6.93,31.8,34.94
yarada,IN,71.6,94,20,2.24,17.65,83.27
alofi,NU,82.41,98,80,27.96,-19.06,-169.92
kavaratti,IN,81.56,100,0,10.25,10.57,72.64
comodoro rivadavia,AR,59.0,67,20,10.29,-45.87,-67.48
faanui,PF,83.63,100,0,3.58,-16.48,-151.75
buba,GW,74.04,31,0,9.28,11.59,-14.99
carutapera,BR,76.61,97,92,5.21,-1.2,-46.02
chalatenango,SV,80.6,69,0,3.36,14.04,-88.94
khasan,RU,30.48,96,0,4.25,42.43,130.64
janakpur road,,,,,,,
antofagasta,CL,68.0,82,75,11.41,-23.65,-70.4
santa fe,AR,68.0,52,0,4.47,-31.62,-60.7
vostok,RU,17.43,51,0,3.58,46.45,135.83
kamenskoye,,,,,,,
poronaysk,RU,17.88,69,0,10.36,49.22,143.1
zolotinka,,,,,,,
le port,FR,46.99,27,0,1.3,42.87,1.37
samarinda,ID,79.58,78,0,3.53,-0.5,117.14
hirosaki,JP,39.0,88,75,11.41,40.61,140.38
provideniya,RU,32.0,91,40,17.9,64.42,-173.23
esna,RO,33.99,86,44,13.27,45.2,27.57
pattani,TH,77.0,94,75,3.36,6.87,101.25
halmstad,SE,39.99,100,90,1.12,56.67,12.86
olinda,EC,82.99,78,75,3.36,-2.03,-79.75
ushumun,RU,11.9,66,68,1.79,52.78,126.54
jumla,NP,20.04,91,88,1.74,29.28,82.18
tombouctou,ML,58.34,33,0,12.75,16.77,-3.01
chipiona,PE,59.42,80,76,2.24,-14.54,-75.2
avera,US,64.4,63,40,4.7,33.19,-82.53
aksarka,RU,-12.5,58,0,11.25,66.56,67.8
chapais,CA,-11.21,76,40,8.05,49.78,-74.86
akureyri,IS,35.6,74,90,8.05,65.68,-18.09
dzerzhinskoye,RU,13.34,91,32,3.36,56.84,95.22
katsuura,JP,46.99,65,75,6.93,33.93,134.5
kropotkin,RU,29.63,94,92,3.24,45.43,40.58
hailun,CN,19.46,44,0,10.58,47.46,126.97
quelimane,MZ,78.8,83,20,4.81,-17.88,36.89
havoysund,NO,28.4,86,75,9.17,71,24.66
sao luiz gonzaga,BR,67.7,70,48,8.39,-28.41,-54.96
padang,ID,78.8,94,75,3.36,-0.92,100.36
lebu,ET,53.6,37,0,3.36,8.96,38.73
touros,BR,80.6,88,20,3.36,-5.2,-35.46
gurgan,,,,,,,
moyale,ET,69.05,36,0,8.57,3.52,39.05
henties bay,NA,65.27,98,0,4.09,-22.12,14.28
meadow lake,CA,6.8,71,90,17.22,54.13,-108.44
ngukurr,,,,,,,
shache,CN,20.27,79,36,2.68,38.42,77.24
longyearbyen,NO,8.6,78,75,10.29,78.22,15.63
corner brook,CA,21.2,79,90,14.99,48.95,-57.95
pocinhos,BR,77.0,88,75,12.75,-7.08,-36.06
yeppoon,AU,84.2,45,20,14.99,-23.13,150.74
stornoway,,,,,,,
tawau,MY,80.6,74,75,3.36,4.26,117.89
scarborough,GB,42.01,93,0,2.24,54.28,-0.41
tiarei,PF,84.2,74,75,5.82,-17.53,-149.33
codrington,AU,80.6,50,40,6.93,-28.95,153.24
beauchamps,FR,51.8,71,0,5.82,48.83,-1.36
alotau,,,,,,,
poya,NC,77.73,96,24,28.19,-21.35,165.16
belaya gora,RU,-30.14,49,56,4.47,68.54,146.19
huilong,CN,38.99,95,92,5.48,28.89,110.18
palabuhanratu,,,,,,,
pafos,,,,,,,
shingu,JP,48.2,42,75,6.93,33.72,135.99
vilyuysk,RU,12.17,72,64,7,63.75,121.63
semenyih,MY,80.6,78,75,2.57,2.95,101.84
kisanga,CD,62.66,81,0,2.8,-11.72,27.4
bandarbeyla,SO,76.97,100,20,12.3,9.49,50.81
dakoro,NE,71.16,41,76,5.48,14.51,6.76
marzuq,YE,47.45,73,0,2.53,14.4,46.47
port macquarie,AU,81.0,60,75,8.05,-31.43,152.91
seoni malwa,IN,59.96,68,0,8.5,22.45,77.47
kulunda,RU,29.76,91,92,11.36,52.57,78.94
dewas,IN,60.8,72,40,9.51,22.96,76.05
komsomolskiy,RU,-3.41,73,68,17.9,67.55,63.78
sumbawa,,,,,,,
huanren,CN,20.04,58,44,2.19,41.26,125.37
petropavlovsk-kamchatskiy,RU,15.8,47,56,11.18,53.05,158.65
kamarion,GR,55.0,66,20,11.41,36.8,25.82
sangin,AF,30.66,80,0,2.24,32.07,64.85
flin flon,CA,8.6,78,75,8.05,54.77,-101.88
pozo colorado,PY,71.3,88,76,11.86,-23.49,-58.8
kavieng,PG,80.88,100,88,11.63,-2.57,150.8
port moresby,PG,86.0,66,40,5.82,-9.47,147.16
westport,IE,46.0,76,68,1.01,53.8,-9.52
kaitangata,NZ,57.26,71,20,20.54,-46.28,169.85
formosa do rio preto,BR,74.63,80,36,8.84,-11.04,-45.19
obo,CF,72.92,79,32,3.2,5.39,26.49
kampene,CD,71.39,93,32,2.98,-3.59,26.67
nova olinda do norte,BR,78.99,87,24,3.8,-3.89,-59.1
kidal,ML,56.04,31,0,11.86,18.44,1.41
pestravka,RU,22.25,90,88,5.32,52.4,49.95
salgar,CO,60.8,100,75,2.24,5.96,-75.98
paranapanema,BR,70.13,97,56,5.77,-23.39,-48.72
sayat,TM,41.0,75,0,11.41,38.78,63.88
bairiki,,,,,,,
sabang,PH,75.35,94,76,9.57,13.72,123.58
villarrica,CL,59.0,72,0,5.82,-39.28,-72.23
san quintin,PH,69.36,70,0,6.38,17.54,120.52
grenville,CA,5.0,54,20,6.93,45.62,-74.6
chaman,AF,21.89,69,0,2.75,30.92,66.46
geraldton,CA,-0.41,59,75,5.82,49.72,-86.95
hasaki,JP,48.0,45,75,12.75,35.73,140.83
severnoye,RU,16.85,87,88,5.21,54.09,52.54
youkounkoun,GN,73.19,21,0,11.25,12.53,-13.12
isangel,VU,77.73,100,76,15.1,-19.55,169.27
chateauroux,FR,50.0,93,0,2.24,43.72,0.65
tabiauea,,,,,,,
roald,NO,48.2,89,44,19.46,62.58,6.12
nome,US,62.6,82,90,10.29,30.04,-94.42
kibala,TD,77.0,29,0,4.7,9.11,18.35
sao raimundo das mangabeiras,BR,71.21,94,32,3.31,-7.02,-45.48
voi,KE,67.97,89,0,3.53,-3.4,38.57
ruwi,OM,62.6,48,0,2.24,23.6,58.55
torbay,CA,21.99,85,90,25.28,47.66,-52.73
klaksvik,FO,44.6,81,0,9.17,62.23,-6.59
port hardy,CA,41.0,23,5,16.11,50.7,-127.42
darnah,LY,58.7,100,88,29.71,32.77,22.64
ust-tsilma,RU,-0.26,64,0,6.49,65.44,52.15
pompeia,BR,76.38,86,44,2.86,-22.11,-50.17
hauterive,FR,43.0,80,0,3.36,46.09,3.45
alugan,PH,76.74,92,80,10.02,12.22,125.48
konstantinovka,MD,33.01,85,80,3,47.99,28.86
miranda,CO,78.8,65,40,9.17,3.25,-76.23
agadez,NE,65.18,41,76,5.21,16.97,7.99
rottweil,DE,45.0,76,0,2.3,48.17,8.63
puerto escondido,MX,86.0,62,40,9.17,15.86,-97.07
denpasar,ID,82.4,88,20,5.82,-8.65,115.22
donegal,IE,48.39,84,24,6.82,54.65,-8.11
meyungs,,,,,,,
kandrian,PG,83.18,83,36,2.98,-6.21,149.55
san juan,PH,82.0,65,20,11.41,14.6,121.03
jiddah,,,,,,,
siva,GR,52.0,87,20,4.7,35.21,25.04
stamsund,,,,,,,
osoyoos,CA,30.2,45,40,8.05,49.03,-119.47
troy,US,19.99,72,1,3.36,42.73,-73.69
pyshma,RU,1.55,58,44,4.88,56.95,63.25
tevaitoa,PF,84.84,98,8,6.49,-16.78,-151.5
acajutla,SV,84.62,39,0,3.58,13.59,-89.83
rocha,UY,54.51,64,0,6.26,-34.48,-54.34
steinfurt,DE,42.01,80,0,1.12,52.13,7.39
asau,,,,,,,
axim,GH,82.86,98,68,9.84,4.87,-2.24
sangmelima,CM,69.41,99,92,0.18,2.93,11.98
arlit,NE,60.18,67,0,6.82,18.74,7.39
opuwo,NA,66.21,69,0,3.69,-18.06,13.84
noyabrsk,RU,12.48,100,80,12.93,63.2,75.45
ushtobe,KZ,17.93,63,48,1.97,45.25,77.98
colares,PT,59.0,76,0,5.82,38.8,-9.45
vallenar,CL,64.46,82,8,2.19,-28.58,-70.76
lydenburg,ZA,66.99,82,0,1.86,-25.1,30.46
kostomuksha,RU,26.03,93,80,7.05,64.59,30.6
bonthe,SL,79.13,85,0,5.32,7.53,-12.5
paducah,US,52.0,81,1,3.2,37.08,-88.6
vila velha,BR,81.0,83,0,3.36,-3.71,-38.6
murakami,JP,42.8,60,75,5.82,38.29,139.58
palencia,ES,48.99,52,0,1.01,42.01,-4.53
namatanai,PG,83.0,98,80,7.27,-3.66,152.44
kjopsvik,NO,41.0,86,92,41.38,68.1,16.37
beihai,CN,44.6,33,40,2.24,38.95,121.19
tunduru,,,,,,,
souillac,FR,50.0,81,0,4.59,45.6,-0.6
porto walter,BR,80.12,79,0,2.19,-8.27,-72.74
zhigansk,RU,-3.05,73,76,6.55,66.77,123.37
necochea,AR,57.99,73,20,4.88,-38.55,-58.74
lazaro cardenas,MX,75.2,14,5,17.22,28.39,-105.62
alice springs,AU,91.4,24,0,8.05,-23.7,133.88
galatas,GR,55.4,66,20,9.17,38.36,21.56
polunochnoye,RU,18.29,87,88,10.92,60.87,60.43
luzhou,CN,48.71,99,92,2.8,28.89,105.45
morondava,MG,78.41,100,8,3.09,-20.3,44.28
sechura,PE,79.49,76,8,9.84,-5.56,-80.82
soyo,AO,78.68,92,76,3.31,-6.13,12.37
beringovskiy,RU,30.21,89,80,27.07,63.05,179.32
niono,ML,60.05,23,0,12.08,14.25,-5.99
la romana,DO,77.0,88,40,6.93,18.43,-68.97
la ronge,CA,10.4,78,90,9.17,55.1,-105.3
katobu,ID,79.94,100,68,5.59,-4.94,122.53
chipinge,ZW,69.81,90,0,2.75,-20.19,32.62
omsukchan,RU,-15.47,60,48,5.48,62.53,155.8
panjab,AF,-13.62,43,0,1.86,34.38,67.02
portland,US,35.6,34,75,26.4,45.52,-122.67
te anau,NZ,50.96,67,56,9.84,-45.41,167.72
bathsheba,BB,78.86,97,88,17.78,13.22,-59.52
marsa matruh,EG,53.6,87,40,9.17,31.35,27.25
miraflores,CO,54.51,72,44,1.79,5.2,-73.14
beyneu,KZ,29.99,94,92,4.7,45.32,55.19
sao miguel do oeste,,,,,,,
saint-augustin,FR,50.0,76,0,3.36,44.83,-0.61
vestmannaeyjar,IS,42.99,90,92,18.52,63.44,-20.27
koshurnikovo,RU,14.42,75,32,3.8,54.3,93.39
kaka,TM,29.09,81,0,4.54,37.35,59.62
iracemapolis,BR,69.8,88,40,4.7,-22.58,-47.52
seoul,KR,44.6,42,1,2.24,37.57,126.98
vardo,US,41.0,40,90,6.93,39.62,-77.74
ileza,RU,6.63,70,0,9.35,61.05,43.9
esil,KZ,12.39,88,88,6.49,51.96,66.41
fort-shevchenko,KZ,33.09,100,92,4.25,44.51,50.26
nemuro,JP,24.8,62,20,5.82,43.32,145.57
bara,NG,76.43,42,44,3.69,10.41,10.6
husavik,CA,1.0,72,48,8.99,50.56,-96.99
srednekolymsk,RU,-16.64,71,76,4.54,67.46,153.71
myrtle grove,US,59.0,71,90,3.24,33.31,-91.27
dobryanka,RU,19.4,92,75,8.95,58.45,56.42
tshela,CD,75.39,93,92,4.36,-4.99,12.94
ridgecrest,US,68.0,8,75,20.8,35.62,-117.67
araguaina,BR,71.43,96,88,3.02,-7.19,-48.21
saint-leu,RE,80.6,74,0,5.82,-21.15,55.28
oranjemund,ZA,64.23,95,48,18.63,-28.55,16.43
whitehorse,CA,21.2,53,40,5.82,60.72,-135.06
quchan,IR,27.92,80,0,5.37,37.11,58.51
villa rica,PE,69.23,95,88,1.74,-10.74,-75.27
bentiu,,,,,,,
vagur,FO,47.27,91,68,20.31,61.47,-6.81
saucillo,MX,75.08,9,0,2.01,28.03,-105.29
zwedru,LR,75.48,86,0,6.11,6.07,-8.13
banjar,ID,73.86,92,20,3.09,-7.37,108.54
aklavik,CA,21.2,73,75,3.36,68.22,-135.01
yerbogachen,RU,12.17,71,68,6.04,61.28,108.01
coos bay,US,39.2,96,90,10.29,43.37,-124.22
ilebo,CD,70.98,99,88,2.35,-4.33,20.59
kununurra,AU,86.0,62,0,3.36,-15.77,128.74
sao raimundo nonato,,,,,,,
pathein,MM,63.47,88,0,3.24,16.78,94.73
kollam,IN,82.4,78,20,2.57,8.88,76.6
awjilah,LY,48.48,76,0,9.57,29.14,21.3
mogadishu,SO,80.39,99,76,19.42,2.04,45.34
karera,IN,54.06,93,12,8.23,25.46,78.13
jalingo,NG,72.74,46,44,6.71,10.21,12.82
jackson,US,55.4,57,1,2.46,35.61,-88.82
odweyne,,,,,,,
nantucket,US,26.6,27,1,18.34,41.28,-70.1
burica,,,,,,,
nanortalik,GL,29.04,100,0,15.77,60.14,-45.24
ambon,FR,46.99,87,0,4.7,47.55,-2.56
pinega,RU,7.67,75,0,6.38,64.7,43.39
atasu,KZ,21.08,90,88,10.4,48.68,71.64
pendleton,US,62.6,62,90,4.54,34.65,-82.78
ostrovnoy,RU,18.24,86,36,23.38,68.05,39.51
luba,PH,69.36,70,0,6.38,17.32,120.7
samarai,PG,82.23,100,0,6.49,-10.62,150.67
wattegama,LK,69.05,94,64,1.97,7.35,80.68
mount gambier,AU,69.8,52,0,8.05,-37.83,140.78
gunjur,GM,71.6,53,8,4.7,13.18,-16.76
samana,EC,87.36,42,0,2.08,0.12,-76.97
novato,US,55.4,93,75,10.29,38.11,-122.57
wahran,,,,,,,
helong,CN,59.19,91,76,3.24,25.94,116.13
rozvadiv,UA,39.0,95,90,6.71,49.5,23.96
gorontalo,ID,76.61,85,12,2.46,0.54,123.06
ambulu,ID,79.85,100,0,3.2,-8.35,113.61
cabedelo,BR,82.4,83,20,4.7,-6.97,-34.84
athabasca,CA,11.99,81,32,8.57,54.72,-113.29
ponca city,US,33.01,100,90,13.87,36.73,-97.07
hami,CN,16.22,62,0,8.01,42.84,93.51
san jose,PH,69.68,88,8,2.68,15.79,120.99
margate,AU,64.0,42,20,5.82,-43.03,147.26
katangli,RU,16.26,97,32,17.11,51.71,143.23
korla,,,,,,,
kamaishi,JP,33.8,69,20,5.82,39.28,141.86
smithers,CA,24.8,41,5,3.36,54.78,-127.17
kimberley,ZA,69.8,32,0,9.17,-28.74,24.76
umzimvubu,,,,,,,
tarudant,,,,,,,
solovetskiy,,,,,,,
kasungu,MW,60.86,88,0,2.75,-13.04,33.48
svetlyy,,,,,,,
florianopolis,BR,73.99,83,75,6.93,-27.6,-48.55
thinadhoo,MV,81.11,100,48,11.07,0.53,72.93
baykit,RU,10.01,76,64,6.04,61.68,96.39
luena,AO,64.28,94,68,2.19,-11.78,19.91
lewisporte,CA,23.0,79,90,23.04,49.25,-55.06
anshun,CN,49.07,75,20,4.54,26.25,105.93
miandrivazo,MG,71.03,97,32,2.75,-19.53,45.46
song phi nong,TH,86.0,73,24,2.3,14.23,100.04
mongo,CF,69.5,99,36,3.2,4.83,22.92
tigzirt,DZ,32.46,87,20,2.01,36.57,4.2
bam,IR,26.39,58,0,2.68,29.11,58.36
sorong,ID,81.74,100,68,7.9,-0.86,131.25
jiuquan,CN,-4.44,71,0,3.69,39.73,98.49
salinopolis,BR,78.09,100,100,11.25,-0.61,-47.36
dunedin,NZ,51.68,86,8,14.16,-45.87,170.5
khonuu,,,,,,,
tuatapere,NZ,50.0,86,92,11.99,-46.13,167.69
pangnirtung,CA,-15.47,67,0,2.75,66.15,-65.72
sao joao da barra,BR,83.36,95,0,20.58,-21.64,-41.05
raton,US,62.6,18,1,17.22,36.9,-104.44
suntar,RU,12.89,70,68,6.89,62.16,117.65
kamiichi,JP,44.01,80,75,2.24,36.7,137.36
brigantine,US,39.2,44,90,9.17,39.41,-74.36
puri,ID,82.4,88,40,3.36,-7.54,112.45
atyashevo,RU,25.58,94,80,3.58,54.56,46.07
vanimo,PG,81.74,100,64,5.32,-2.67,141.3
taltal,CL,62.88,77,0,2.57,-25.41,-70.49
aripuana,BR,75.62,87,0,2.08,-9.17,-60.63
kajaani,FI,30.2,86,90,9.17,64.22,27.73
mackay,CA,19.4,48,20,11.41,53.65,-115.58
nakamura,JP,51.01,49,75,6.93,35.17,136.87
dalaba,GN,63.96,55,20,2.8,10.69,-12.25
nenjiang,CN,19.41,65,0,10.8,49.17,125.23
ligayan,PH,79.98,100,0,10.63,4.65,119.47
benguela,AO,78.68,100,64,6.71,-12.58,13.4
hwange,ZW,68.78,79,36,10.29,-18.35,26.5
tilichiki,RU,13.79,81,80,12.41,60.47,166.1
passos,BR,71.43,89,56,3.36,-20.72,-46.61
belz,UA,37.4,87,90,6.71,50.38,24.01
brownsville,US,78.8,88,75,12.75,25.91,-97.49
aleksandrovka,RU,29.9,92,88,6.82,46.65,38.4
pa daet,TH,62.6,100,32,1.12,19.5,99.99
zabaykalsk,CN,8.61,59,0,3.53,49.64,117.33
sardarshahr,IN,43.4,83,20,2.57,28.43,74.48
bondo,CD,72.11,91,24,2.86,3.81,23.69
naze,NG,75.2,94,40,1.45,5.43,7.07
nouadhibou,MR,69.8,37,0,13.87,20.93,-17.03
alyangula,AU,84.2,79,32,2.24,-13.85,136.42
bambous virieux,MU,80.6,83,40,12.75,-20.34,57.76
bonavista,CA,21.0,80,88,31.43,48.65,-53.11
daru,SL,78.41,63,0,9.06,7.99,-10.85
djambala,CG,71.12,94,88,3.98,-2.55,14.76
yuksekova,TR,37.4,93,75,13.87,37.57,44.29
tura,IN,53.93,87,8,3.2,25.52,90.21
